-- phpMyAdmin SQL Dump
-- version 5.0.4
-- https://www.phpmyadmin.net/
--
-- Host: 127.0.0.1
-- Generation Time: Feb 05, 2021 at 02:53 PM
-- Server version: 10.4.17-MariaDB
-- PHP Version: 7.3.25

SET SQL_MODE = "NO_AUTO_VALUE_ON_ZERO";
START TRANSACTION;
SET time_zone = "+00:00";


/*!40101 SET @OLD_CHARACTER_SET_CLIENT=@@CHARACTER_SET_CLIENT */;
/*!40101 SET @OLD_CHARACTER_SET_RESULTS=@@CHARACTER_SET_RESULTS */;
/*!40101 SET @OLD_COLLATION_CONNECTION=@@COLLATION_CONNECTION */;
/*!40101 SET NAMES utf8mb4 */;

--
-- Database: `magang_ci3_visitormanagement`
--

-- --------------------------------------------------------

--
-- Table structure for table `ci_sessions`
--

CREATE TABLE `ci_sessions` (
  `id` varchar(128) NOT NULL,
  `user_id` varchar(128) NOT NULL,
  `ip_address` varchar(45) NOT NULL,
  `timestamp` int(10) UNSIGNED NOT NULL DEFAULT 0,
  `data` blob NOT NULL
) ENGINE=InnoDB DEFAULT CHARSET=utf8mb4;

--
-- Dumping data for table `ci_sessions`
--

INSERT INTO `ci_sessions` (`id`, `user_id`, `ip_address`, `timestamp`, `data`) VALUES
('2gohrm5ahkko9d143n7fr4nvvb35g2qr', '', '::1', 1612526875, ''),
('t2r0s71q12basgb0i7frtibkfg0of6fm', '', '::1', 1612533180, 0x69645f6576656e747c733a32333a2245564e5430353032323131303032323430303030303032223b69645f617265617c4e3b73756b7365737c733a32383a22416e646120737564616820626572686173696c206b656c7561722021223b5f5f63695f766172737c613a313a7b733a363a2273756b736573223b733a333a226f6c64223b7d);

-- --------------------------------------------------------

--
-- Table structure for table `tabel_area`
--

CREATE TABLE `tabel_area` (
  `id_area` varchar(255) NOT NULL,
  `id_event` varchar(255) DEFAULT NULL,
  `nama_area` varchar(255) NOT NULL,
  `staff_id` varchar(255) DEFAULT NULL
) ENGINE=InnoDB DEFAULT CHARSET=utf8mb4;

--
-- Dumping data for table `tabel_area`
--

INSERT INTO `tabel_area` (`id_area`, `id_event`, `nama_area`, `staff_id`) VALUES
('AR05022110022400000010', 'EVNT0502211002240000002', 'areaA', 'STF202102011946130000002'),
('AR05022110022400000011', 'EVNT0502211002240000002', 'areaB', 'STF202102031313020000003'),
('AR05022110022400000012', 'EVNT0502211002240000002', 'areaC', 'STF202102031313240000004');

-- --------------------------------------------------------

--
-- Table structure for table `tabel_event`
--

CREATE TABLE `tabel_event` (
  `id_event` varchar(255) NOT NULL,
  `nama_event` varchar(255) NOT NULL,
  `staff_id` varchar(255) DEFAULT NULL,
  `tanggal_dibuka` datetime NOT NULL,
  `tanggal_ditutup` datetime NOT NULL,
  `status` enum('active','not_active') NOT NULL
) ENGINE=InnoDB DEFAULT CHARSET=utf8mb4;

--
-- Dumping data for table `tabel_event`
--

INSERT INTO `tabel_event` (`id_event`, `nama_event`, `staff_id`, `tanggal_dibuka`, `tanggal_ditutup`, `status`) VALUES
('EVNT0502211002240000002', 'Gelar Jepang Universitas Indonesia', 'STF202102041818440000009', '2021-02-05 10:01:00', '2021-02-14 10:01:00', 'active'),
('EVNT202001210000001', 'event uji coba', NULL, '2021-01-21 12:20:19', '2021-01-24 12:20:19', 'active');

-- --------------------------------------------------------

--
-- Table structure for table `tabel_role`
--

CREATE TABLE `tabel_role` (
  `role_id` int(10) NOT NULL,
  `nama_role` varchar(255) NOT NULL
) ENGINE=InnoDB DEFAULT CHARSET=utf8mb4;

--
-- Dumping data for table `tabel_role`
--

INSERT INTO `tabel_role` (`role_id`, `nama_role`) VALUES
(1, 'admin'),
(2, 'petugas');

-- --------------------------------------------------------

--
-- Table structure for table `tabel_staff`
--

CREATE TABLE `tabel_staff` (
  `staff_id` varchar(255) NOT NULL,
  `role_id` int(10) DEFAULT NULL,
  `username` varchar(255) NOT NULL,
  `password` varchar(255) NOT NULL,
  `nama` varchar(255) NOT NULL,
  `id_event` varchar(255) DEFAULT NULL,
  `id_area` varchar(255) DEFAULT NULL,
  `verified` varchar(1) NOT NULL,
  `is_active` enum('online','offline') NOT NULL
) ENGINE=InnoDB DEFAULT CHARSET=utf8mb4;

--
-- Dumping data for table `tabel_staff`
--

INSERT INTO `tabel_staff` (`staff_id`, `role_id`, `username`, `password`, `nama`, `id_event`, `id_area`, `verified`, `is_active`) VALUES
('STF202101300925250000001', 1, 'admin', '$2y$10$giRYQKKvjOVEuGiozcCwVeVWOD2GGvwjLZzeVlPSl9Xv.ICsQ0FUu', 'bayu kartiko', NULL, NULL, '1', 'offline'),
('STF202102011946130000002', 2, 'petugas1', '$2y$10$iW628pKXrvgtpjChzkPAmeFmKuEyyv0o8dqnt3Z.aeSLikqywK32e', 'petugas1', NULL, 'AR05022110022400000010', '1', 'offline'),
('STF202102031313020000003', 2, 'petugas2', '$2y$10$Bx4GsO4luPGFu0A0I2JLouaMdYmxeVq.HVp0ayvmDMkYLLGPZ/9qW', 'petugas2', NULL, 'AR05022110022400000011', '1', 'offline'),
('STF202102031313240000004', 2, 'petugas3', '$2y$10$jTti8PnyZp8hNJkYqA3Rgut3eaU5WMv6Yw32xbmy55orhZztllbsq', 'petugas3', NULL, 'AR05022110022400000012', '1', 'offline'),
('STF202102031314180000005', 2, 'petugas4', '$2y$10$KZxAVnfystO.zMGHjrd6CuvzSZM5Owga4K8EZsJlQmHENteprH2Zu', 'petugas4', NULL, NULL, '1', 'offline'),
('STF202102031314360000006', 2, 'petugas5', '$2y$10$wuKg4zQ9OdRuprtJ43jalOpGzNjyKQVBbZLRbFX6tA2A6Y5qLUb9m', 'petugas5', NULL, NULL, '1', 'offline'),
('STF202102040906150000007', 2, 'petugas6', '$2y$10$5WPE96/MAFuD3Ch5cvxRSeGeqQF6ZAaIp8eQotxyDBBx0ISCQ6Cf6', 'petugas6', NULL, NULL, '1', 'offline'),
('STF202102040907200000008', 2, 'petugas7', '$2y$10$j4gky274DsmymOh9/YHYZucn1G2nnWEGTrH4yNtXTPs1Jh1elJ0KG', 'petugas7', NULL, NULL, '1', 'offline'),
('STF202102041818440000009', 2, 'petugaspintukeluar1', '$2y$10$HgIAM1vjizSPnfJRBoFLD.tsk0WDPrz321b8klxqkVCUYa9oPbxHy', 'petugaspintukeluar1', 'EVNT0502211002240000002', NULL, '1', 'offline'),
('STF202102041819060000010', 2, 'petugaspintukeluar2', '$2y$10$qAdsLyZKUlE1eoG1ZjKOfu99QzSesWEe1Yay3ITZVYdQnuYl6jBtq', 'petugaspintukeluar2', NULL, NULL, '1', 'offline'),
('STF202102051000500000011', 2, 'petugaspintukeluar3', '$2y$10$IIgYNdVXHYlW5AnO7Ar/YO4hyD66ldzv6c/QaKePPKTvbHiBt/G/.', 'petugaspintukeluar3', NULL, NULL, '1', 'offline'),
('STF202102051001110000012', 2, 'petugaspintukeluar4', '$2y$10$Azr4GXo8n2Xqij4wIXhceO2GsyKLBbZ87l2AbhibX7tO3cx7eCJRu', 'petugaspintukeluar4', NULL, NULL, '1', 'offline'),
('STF202102051001230000013', 2, 'petugaspintukeluar5', '$2y$10$28jfQMcn9SraZwzaYFjcpu.JQi9AecqeTyRtzzkdB8XGdskq8AVw2', 'petugaspintukeluar5', NULL, NULL, '1', 'offline');

-- --------------------------------------------------------

--
-- Table structure for table `tabel_tracking`
--

CREATE TABLE `tabel_tracking` (
  `id_visitor` varchar(255) DEFAULT NULL,
  `id_area` varchar(255) DEFAULT NULL,
  `time_in_area` datetime NOT NULL,
  `time_out_area` datetime NOT NULL
) ENGINE=InnoDB DEFAULT CHARSET=utf8mb4;

-- --------------------------------------------------------

--
-- Table structure for table `tabel_visitor`
--

CREATE TABLE `tabel_visitor` (
  `id_visitor` varchar(255) NOT NULL,
  `id_event` varchar(255) DEFAULT NULL,
  `nama_visitor` varchar(255) NOT NULL,
  `perusahaan_visitor` varchar(255) NOT NULL,
  `jabatan_visitor` varchar(255) NOT NULL,
  `email_visitor` varchar(255) NOT NULL,
  `email_perusahaan` varchar(255) NOT NULL,
  `tlp_visitor` varchar(15) NOT NULL,
  `tlp_perusahaan` varchar(15) NOT NULL,
  `alasan_ikut` text NOT NULL,
  `gambar_qrcode` varchar(255) NOT NULL,
  `registered_at` datetime NOT NULL,
  `id_petugas_pintu_area` varchar(255) DEFAULT NULL,
  `id_petugas_pintu_keluar` varchar(255) DEFAULT NULL,
  `time_logged_in` datetime NOT NULL,
  `time_logged_out` datetime NOT NULL,
  `status` enum('logged in','logged out','in area') NOT NULL
) ENGINE=InnoDB DEFAULT CHARSET=utf8mb4;

--
-- Dumping data for table `tabel_visitor`
--

INSERT INTO `tabel_visitor` (`id_visitor`, `id_event`, `nama_visitor`, `perusahaan_visitor`, `jabatan_visitor`, `email_visitor`, `email_perusahaan`, `tlp_visitor`, `tlp_perusahaan`, `alasan_ikut`, `gambar_qrcode`, `registered_at`, `id_petugas_pintu_area`, `id_petugas_pintu_keluar`, `time_logged_in`, `time_logged_out`, `status`) VALUES
('2102052408170000003', 'EVNT202001210000001', 'jkl lkj', 'qwe', 'qwe', 'asd@asd.asd', 'asd@asd.asd', '123', '123', 'asd', '2102052408170000003.png', '2021-02-05 19:06:57', NULL, 'STF202102041818440000009', '2021-02-05 19:06:57', '2021-02-05 19:07:42', 'logged out'),
('2102055566650000001', 'EVNT202001210000001', 'asd asd', 'asd', 'asd', 'asd@asd.asd', 'asd@asd.asd', '123', '123', 'sad', '2102055566650000001.png', '2021-02-05 15:50:49', NULL, 'STF202102041818440000009', '2021-02-05 15:50:49', '2021-02-05 15:51:11', 'logged out'),
('2102058999380000002', 'EVNT202001210000001', 'qwe ewq', 'qwe', 'qwe', 'asd@asd.asd', 'asd@asd.asd', '123', '123', 'asd', '2102058999380000002.png', '2021-02-05 19:03:18', NULL, 'STF202102041818440000009', '2021-02-05 19:03:18', '2021-02-05 19:03:52', 'logged out');

--
-- Indexes for dumped tables
--

--
-- Indexes for table `ci_sessions`
--
ALTER TABLE `ci_sessions`
  ADD PRIMARY KEY (`id`),
  ADD KEY `ci_sessions_timestamp` (`timestamp`);

--
-- Indexes for table `tabel_area`
--
ALTER TABLE `tabel_area`
  ADD PRIMARY KEY (`id_area`),
  ADD KEY `id_event` (`id_event`),
  ADD KEY `staff_id` (`staff_id`);

--
-- Indexes for table `tabel_event`
--
ALTER TABLE `tabel_event`
  ADD PRIMARY KEY (`id_event`),
  ADD UNIQUE KEY `staff_id` (`staff_id`);

--
-- Indexes for table `tabel_role`
--
ALTER TABLE `tabel_role`
  ADD PRIMARY KEY (`role_id`);

--
-- Indexes for table `tabel_staff`
--
ALTER TABLE `tabel_staff`
  ADD PRIMARY KEY (`staff_id`),
  ADD KEY `role_id` (`role_id`),
  ADD KEY `id_area` (`id_area`),
  ADD KEY `id_event` (`id_event`);

--
-- Indexes for table `tabel_tracking`
--
ALTER TABLE `tabel_tracking`
  ADD KEY `id_visitor` (`id_visitor`),
  ADD KEY `id_area` (`id_area`);

--
-- Indexes for table `tabel_visitor`
--
ALTER TABLE `tabel_visitor`
  ADD PRIMARY KEY (`id_visitor`),
  ADD KEY `id_event` (`id_event`),
  ADD KEY `id_petugas_pintu_area` (`id_petugas_pintu_area`),
  ADD KEY `id_petugas_pintu_keluar` (`id_petugas_pintu_keluar`);

--
-- AUTO_INCREMENT for dumped tables
--

--
-- AUTO_INCREMENT for table `tabel_role`
--
ALTER TABLE `tabel_role`
  MODIFY `role_id` int(10) NOT NULL AUTO_INCREMENT, AUTO_INCREMENT=4;

--
-- Constraints for dumped tables
--

--
-- Constraints for table `tabel_area`
--
ALTER TABLE `tabel_area`
  ADD CONSTRAINT `tabel_area_ibfk_1` FOREIGN KEY (`id_event`) REFERENCES `tabel_event` (`id_event`) ON DELETE SET NULL ON UPDATE SET NULL,
  ADD CONSTRAINT `tabel_area_ibfk_2` FOREIGN KEY (`staff_id`) REFERENCES `tabel_staff` (`staff_id`) ON DELETE SET NULL ON UPDATE SET NULL;

--
-- Constraints for table `tabel_event`
--
ALTER TABLE `tabel_event`
  ADD CONSTRAINT `tabel_event_ibfk_1` FOREIGN KEY (`staff_id`) REFERENCES `tabel_staff` (`staff_id`) ON DELETE SET NULL ON UPDATE SET NULL;

--
-- Constraints for table `tabel_staff`
--
ALTER TABLE `tabel_staff`
  ADD CONSTRAINT `tabel_staff_ibfk_2` FOREIGN KEY (`id_area`) REFERENCES `tabel_area` (`id_area`) ON DELETE SET NULL ON UPDATE SET NULL,
  ADD CONSTRAINT `tabel_staff_ibfk_3` FOREIGN KEY (`role_id`) REFERENCES `tabel_role` (`role_id`) ON DELETE SET NULL ON UPDATE SET NULL,
  ADD CONSTRAINT `tabel_staff_ibfk_4` FOREIGN KEY (`id_event`) REFERENCES `tabel_event` (`id_event`) ON DELETE SET NULL ON UPDATE SET NULL;

--
-- Constraints for table `tabel_tracking`
--
ALTER TABLE `tabel_tracking`
  ADD CONSTRAINT `tabel_tracking_ibfk_1` FOREIGN KEY (`id_area`) REFERENCES `tabel_area` (`id_area`) ON DELETE SET NULL ON UPDATE SET NULL,
  ADD CONSTRAINT `tabel_tracking_ibfk_2` FOREIGN KEY (`id_visitor`) REFERENCES `tabel_visitor` (`id_visitor`) ON DELETE SET NULL ON UPDATE SET NULL;

--
-- Constraints for table `tabel_visitor`
--
ALTER TABLE `tabel_visitor`
  ADD CONSTRAINT `tabel_visitor_ibfk_1` FOREIGN KEY (`id_event`) REFERENCES `tabel_event` (`id_event`) ON DELETE SET NULL ON UPDATE SET NULL,
  ADD CONSTRAINT `tabel_visitor_ibfk_2` FOREIGN KEY (`id_petugas_pintu_area`) REFERENCES `tabel_staff` (`staff_id`) ON DELETE SET NULL ON UPDATE SET NULL,
  ADD CONSTRAINT `tabel_visitor_ibfk_3` FOREIGN KEY (`id_petugas_pintu_keluar`) REFERENCES `tabel_staff` (`staff_id`) ON DELETE SET NULL ON UPDATE SET NULL;
COMMIT;

/*!40101 SET CHARACTER_SET_CLIENT=@OLD_CHARACTER_SET_CLIENT */;
/*!40101 SET CHARACTER_SET_RESULTS=@OLD_CHARACTER_SET_RESULTS */;
/*!40101 SET COLLATION_CONNECTION=@OLD_COLLATION_CONNECTION */;
